"method","accuracy","ari","macro_recall","worst_recall","boundary_accuracy","interior_accuracy","correction_recall","damage_rate","seconds"
"marginSVM v1",0.869646372744049,0.80829896086441,0.831794741541896,0.546605360643822,0.724429407298227,0.913065142925823,0.388010177855454,0.0230927971196281,3.8875
"marginSVM v2",0.858795832241019,0.791799987371387,0.783110331511184,0.423751686909582,0.690478583232838,0.909121411830693,0.516626400740208,0.0623358304148656,6.501125
