"scenario","noise","mechanism","method","accuracy","ari","macro_recall","worst_recall","boundary_accuracy","interior_accuracy","correction_recall","damage_rate","seconds"
6,0.25,"patch","marginSVM v1",0.750001285076154,0.592858170501631,0.774760848553258,0.60233918128655,0.759502434231096,0.747160513611506,0,0,3.389
6,0.25,"patch","marginSVM v2",0.702227293989442,0.539250656718644,0.709044017385267,0.39766081871345,0.659609629728885,0.714969652050239,0.152441657242726,0.11451208312201,6.068
