"method","accuracy","ari","macro_recall","worst_recall","boundary_accuracy","interior_accuracy","correction_recall","damage_rate","seconds","mean_trust","unresolved"
"marginSVM v1",0.869646372744049,0.80829896086441,0.831794741541896,0.546605360643822,0.724429407298227,0.913065142925823,0.388010177855454,0.0230927971196281,5.739125,0.5,0
"marginSVM v2",0.871404999460268,0.811425389293205,0.832355051954273,0.562736691913272,0.725484612979588,0.915034087191095,0.342838233782256,0.0137078942579584,10.0495,0.812681668417137,0.0273104384165806
