"method","accuracy","ari","macro_recall","worst_recall","boundary_accuracy","interior_accuracy","correction_recall","damage_rate","seconds"
"marginSVM v1",0.973542852149418,0.956270010700411,0.949887360979575,0.756410256410256,0.885144490598062,0.999973291133324,0.949419142592783,0.018415966444149,5.021
"marginSVM v2",0.97381014798937,0.956385194101212,0.962798955806329,0.848196640316206,0.886752423064898,0.999839746799944,0.948493883006066,0.0177511548531246,7.373
