"metric","mean_difference","lower_95","upper_95"
"accuracy",0.00376599277273172,2.07192828246915e-05,0.00706069029150668
"boundary_accuracy",0.0213727723435616,0.0121223815266426,0.0298792989861092
"damage_rate",-0.00587139439429792,-0.0067337235601447,-0.00503452337968452
