"method","accuracy","ari","macro_recall","worst_recall","boundary_accuracy","damage_rate","correction_recall","seconds"
"Tissue-adaptive",0.854024858513115,0.780377974051929,0.822149502635308,0.540279942765477,0.71129416231185,0.00968989256601625,0.286914927521332,0.66769
"Current default",0.850258865740384,0.774963661092936,0.799871961725006,0.458016964584191,0.689921389968288,0.0155612869603142,0.285167060758713,1.06249
"SpaGCN refine",0.849682123562642,0.773247107720915,0.821630742947086,0.557614253833707,0.716040242976462,0.0153914078677261,0.308374293204482,0.31961
"C++ kNN vote",0.834393829578341,0.753881468522943,0.758703060265616,0.351002004562802,0.616733217204877,0.0818360574724046,0.496903850107947,0.922620000000001
"Potts-like ICM",0.833167815524748,0.753656783640581,0.754639908408747,0.307562153520069,0.62627741301532,0.0645581138055472,0.409552457078236,1.13426
"GraphST refine",0.812653528048072,0.723936852558958,0.68861467025064,0.1933568612823,0.547371923712537,0.122397894046377,0.535800803605086,1.3204
"Initial",0.810000976657877,0.714936393731073,0.788012906068007,0.54831781901656,0.686863861717808,0,0,0
