"method","accuracy","ari","macro_recall","worst_recall","boundary_accuracy","interior_accuracy","correction_recall","damage_rate","changed_fraction","seconds"
"SVM refinement",0.86641530577102,0.786593433952842,0.826936988407357,0.541586834304252,0.738923876308306,0.904534275266031,0.386250928115326,0.0180000127493857,0.0882263892958297,3.70845
"Graph refinement",0.853343168449496,0.768810605709104,0.818174161206143,0.566109674503724,0.709327497134009,0.896402760806519,0.28807550289572,0.011209356626983,0.0614802706541723,0.628899999999996
"Potts-like ICM",0.8501706581132,0.764304885487477,0.800875355977615,0.479695231567371,0.693851891553888,0.896908782543085,0.415278791565288,0.0452140815375583,0.111890723977636,0.519116666666669
"SpaGCN refine",0.849091451159396,0.761805254251094,0.817878052086651,0.575557349933811,0.714213453034973,0.889418948605463,0.31397554630296,0.018379488016786,0.0680494942796977,0.252199999999999
"C++ kNN vote",0.847852123716851,0.760292712398325,0.796491047176608,0.474840759072926,0.681978129140798,0.897447188780495,0.561338942005643,0.0820321489013795,0.168107579721841,0.532933333333334
"Initial",0.810000976657877,0.704132169922,0.784688305002834,0.569342662456263,0.68765986273021,0.846580040909081,0,0,0,0
"GraphST refine",0.807724335744136,0.708855694993841,0.68224856203418,0.190907396381075,0.535189155388807,0.889210285584557,0.550877040425848,0.135406849617458,0.218071768933027,1.09541666666667
