"comparator","mean_difference","lower_95","upper_95"
"Graph refinement",0.0130721373215244,0.00573265618387223,0.0216453365443103
"SpaGCN refine",0.0173238546116243,0.00708283429542708,0.0291450024245104
"GraphST refine",0.0586909700268838,0.0461001665458695,0.0704943816470564
"C++ kNN vote",0.0185631820541686,0.00981422510764673,0.0274674725807586
"Potts-like ICM",0.0162446476578202,0.0089281822340792,0.0249454913531509
