"region","xmin","xmax","ymin","ymax"
"A: SVM advantage",51914.5015216812,56956.1389343433,14218.770238975,19813.6001547878
"B: correction-rich",39615.1625362449,44652.9490694785,18000.1391000259,23320.5090210668
"C: multiclass border",51914.2254730871,56956.5246562949,6655.44298246714,12251.5137476329
