"method","accuracy","ari","macro_recall","worst_recall","boundary_accuracy","interior_accuracy","correction_recall","damage_rate","seconds"
"marginSVM v1",0.869646372744049,0.80829896086441,0.831794741541896,0.546605360643822,0.724429407298227,0.913065142925823,0.388010177855454,0.0230927971196281,4.0565
"marginSVM v2",0.857758133246976,0.789214549576398,0.773801243542318,0.395186684660369,0.685490084416455,0.909264971989076,0.551914773311401,0.0708601598189193,6.9865
