"method","accuracy","ari","macro_recall","worst_recall","boundary_accuracy","interior_accuracy","correction_recall","damage_rate","changed_fraction","seconds"
"SVM refinement",0.830272710294145,0.73016974323597,0.75679739073091,0.372771393829257,0.673349635981955,0.877191518154239,0.612678412323087,0.106159315395349,0.229655959412155,4.004
"Potts-like ICM",0.820138599746754,0.714276914155733,0.766631182066644,0.452219117112387,0.666938377477035,0.865944303110025,0.408402085260957,0.0494388524221972,0.128893566566088,0.597166666666666
"Graph refinement",0.819947123399866,0.715359546289974,0.781903098080142,0.514550147153186,0.671522101627287,0.864325078067792,0.28190260786128,0.0120192296396169,0.0718777361413104,0.59075
"C++ kNN vote",0.819448085493546,0.712592350877938,0.764984924956682,0.436317819123924,0.66219274346033,0.866466238879652,0.552062772009184,0.091909496212546,0.192855233601143,0.451333333333335
"SpaGCN refine",0.812234953043317,0.702827047049224,0.77841612868497,0.519061434754193,0.674043801271458,0.853553058276521,0.298233011205922,0.0206022472459159,0.0768102867775944,0.257333333333333
"GraphST refine",0.787206809875553,0.670209459844104,0.658819386664286,0.170313885289504,0.53223867375348,0.863440346859149,0.55872399849217,0.145448253705098,0.247731412230155,1.1285
"Initial",0.766667866071077,0.638063367905672,0.741729084760913,0.513344255201991,0.647937231080739,0.802167424530759,0,0,0,0
