"comparator","mean_difference","lower_95","upper_95"
"Graph refinement",0.0103255868942794,-0.0200409339590798,0.0442953541926895
"SpaGCN refine",0.018037757250828,-0.0181789871201101,0.0591855101666658
"GraphST refine",0.0430659004185922,0.0198888987411394,0.063368979204041
"C++ kNN vote",0.010824624800599,-0.00846329736833539,0.0340228516525223
"Potts-like ICM",0.010134110547391,-0.0122451801077065,0.0380784341946771
