"n","dimensions","replicate","seconds","accuracy"
5000,2,1,0.0140000000000029,0.904
5000,2,2,0.0150000000000006,0.916
5000,3,1,0.0249999999999986,0.8748
5000,3,2,0.0240000000000009,0.8734
20000,2,1,0.070999999999998,0.95735
20000,2,2,0.0700000000000003,0.9568
20000,3,1,0.126999999999999,0.92735
20000,3,2,0.125,0.93065
60000,2,1,0.231999999999999,0.976566666666667
60000,2,2,0.228000000000002,0.974883333333333
60000,3,1,0.442,0.955
60000,3,2,0.433999999999997,0.954583333333333
