"setting","accuracy","accuracy_delta","boundary_accuracy","correction_recall","damage_rate","seconds","speedup"
"Fast balanced",0.921138888888889,0.000151041666666617,0.713277777777778,0.743645833333333,0.0196967592592593,0.1381875,1.76224935926428
"Conservative fast",0.921171875,0.00018402777777775,0.713392361111111,0.743798611111111,0.0197037037037037,0.172041666666667,1.41547590215549
"Halo 0.15",0.921052083333333,6.42361111111032e-05,0.712987847222222,0.743569444444444,0.019787037037037,0.1836875,1.32573437677215
"48 landmarks",0.920994791666667,6.944444444422e-06,0.713887152777778,0.744604166666667,0.0202083333333333,0.191125,1.27414432090691
"Halo 0.25",0.921081597222222,9.37500000000466e-05,0.713600694444444,0.743972222222222,0.0198819444444444,0.208041666666667,1.17053875425596
"24 TV iterations",0.921010416666667,2.25694444444966e-05,0.71359375,0.7445625,0.0201736111111111,0.223541666666667,1.08937558247903
"8 epochs",0.921026041666667,3.81944444444602e-05,0.713885416666667,0.744590277777778,0.020162037037037,0.224958333333333,1.08251528060752
"Current default",0.920987847222222,4.30789663200907e-17,0.71403125,0.74475,0.0202662037037037,0.243520833333333,1
