"comparator","mean_difference","lower_95","upper_95"
"Graph refinement",0.0199148251525385,0.000705710278724445,0.0429957673875087
"SpaGCN refine",0.0276269955090872,0.00179409481805891,0.0609006263461172
"GraphST refine",0.0526551386768513,0.0190130657976125,0.0781520990433893
"C++ kNN vote",0.0204138630588582,-0.00236081340180218,0.04308927809562
"Potts-like ICM",0.0197233488056502,0.0022615198509997,0.0448128222328455
