"subset","scenarios","accuracy_delta","accuracy_lower_95","accuracy_upper_95","boundary_delta","correction_delta","damage_delta","median_speedup","mean_speedup"
"All",560,-0.000222767857142859,-0.000362276785714283,-8.30301339285704e-05,-0.000562946428571426,-0.00141339285714285,-0.000174107142857143,1.65536398467436,1.68358028639449
"5 classes",440,-0.000322159090909091,-0.000502272727272725,-0.000151136363636367,-0.000753409090909088,-0.00185795454545455,-0.000189772727272727,1.63126566416046,1.62378568529293
"19 classes",120,0.000141666666666668,4.4765624999994e-05,0.000239583333333335,0.000135416666666671,0.000216666666666663,-0.000116666666666667,1.80066225165567,1.79788940044487
