"dimensions","overlap","accuracy","agreement_full","halo_multiplier"
"2D",0,0.976846666666667,0.998366666666667,1
"2D",0.05,0.97758,1,1.16968666666667
"2D",0.15,0.97758,1,1.54734
"2D",0.3,0.97758,1,2.20760666666667
"3D",0,0.954506666666667,0.987946666666667,1
"3D",0.05,0.9587,0.99848,1.27239333333333
"3D",0.15,0.95886,0.999993333333333,1.92707333333333
"3D",0.3,0.958853333333333,1,3.08033333333333
