"dimensions","method","workers","tile_count","seconds","accuracy","agreement_full"
"2D","Untiled CPU",1,1,1.003,0.97758,1
"3D","Untiled CPU",1,1,1.78733333333334,0.958853333333333,1
"2D","Tiled, 1 CPU",1,18,1.55666666666667,0.97758,1
"2D","Tiled, 2 CPUs",2,18,0.845666666666667,0.97758,1
"2D","Tiled, 4 CPUs",4,18,0.695000000000001,0.97758,1
"3D","Tiled, 1 CPU",1,24,2.70533333333333,0.95886,0.999993333333333
"3D","Tiled, 2 CPUs",2,24,1.99066666666667,0.95886,0.999993333333333
"3D","Tiled, 4 CPUs",4,24,1.336,0.95886,0.999993333333333
