"method","accuracy","ari","boundary_accuracy","seconds"
"Structured SVM",0.858809090909091,0.686900915965327,0.676257575757576,0.0944242424242424
"Graph refinement",0.823927272727273,0.620430599356518,0.580460606060606,0.0333636363636364
"GraphST refine",0.845509090909091,0.656679855693359,0.663454545454545,0.0606666666666667
"SpaGCN refine",0.8147,0.595478011200582,0.575312121212121,0.0132727272727273
"Potts-like ICM",0.814360606060606,0.601014143273736,0.559136363636364,0.0334242424242426
