"comparator","difference","lower_95","upper_95"
"Graph refinement",-0.01775,-0.0319302777777778,-0.00344054166666666
"SpaGCN refine",3.66666666666747e-05,-0.0141890138888889,0.0140664583333333
"GraphST refine",-0.0883088888888889,-0.102027013888889,-0.0744416527777778
"Potts-like ICM",-0.018175,-0.0320430416666667,-0.00416924999999999
