"method","accuracy","ari","boundary_accuracy","correction_recall","damage_rate","seconds"
"GraphST refine",0.912292222222222,0.815392628600031,0.5666075401889,0.765626759259259,0.028855871459695,0.0819266666666681
"Potts-like ICM",0.842158333333333,0.683194907842382,0.401858368716598,0.435773981481481,0.00345006535947712,0.0452799999999999
"Graph refinement",0.841733333333333,0.682031278779686,0.415249679802243,0.436556481481481,0.00152297385620915,0.0458866666666663
"SVM refinement",0.823983333333333,0.647792838474434,0.459885868022425,0.49576537037037,0.0382647712418301,4.67766666666667
"SpaGCN refine",0.823946666666667,0.644899635510388,0.414774073035766,0.387739166666667,0.0039591394335512,0.0171066666666674
"Initial",0.733333333333333,0.476593751436943,0.366107505885493,0,0,0
