"threshold","accuracy","worst_case","correction","damage","changed"
0.05,0.931036666666667,0.931036666666667,0.811303333333333,0.0282844444444444,0.257646666666667
0.075,0.929276666666667,0.929276666666667,0.774243333333333,0.0179188888888889,0.238713333333333
0.025,0.92602,0.92602,0.853378333333333,0.0493144444444444,0.287423333333333
0.1,0.925583333333333,0.925583333333333,0.741621666666667,0.0115933333333333,0.224676666666667
0.15,0.914673333333333,0.914673333333333,0.6838,0.00614111111111111,0.20489
0,0.905213333333333,0.905213333333333,0.903608333333333,0.0941511111111111,0.341413333333333
0.2,0.904156666666667,0.904156666666667,0.63522,0.00314666666666667,0.18942
