"method","accuracy","ari","macro_recall","worst_recall","boundary_accuracy","interior_accuracy","correction_recall","damage_rate","changed_fraction","seconds"
"Potts-like ICM",0.820138599746754,0.714276914155733,0.766631182066644,0.452219117112387,0.666938377477035,0.865944303110025,0.408402085260957,0.0494388524221972,0.128893566566088,0.529583333333314
"Graph refinement",0.819947123399866,0.715359546289974,0.781903098080142,0.514550147153186,0.671522101627287,0.864325078067792,0.28190260786128,0.0120192296396169,0.0718777361413104,0.513333333333338
"C++ kNN vote",0.819448085493546,0.712592350877938,0.764984924956682,0.436317819123924,0.66219274346033,0.866466238879652,0.552062772009184,0.091909496212546,0.192855233601143,0.451333333333335
"SpaGCN refine",0.812234953043317,0.702827047049224,0.77841612868497,0.519061434754193,0.674043801271458,0.853553058276521,0.298233011205922,0.0206022472459159,0.0768102867775944,0.282749999999994
"GraphST refine",0.787206809875553,0.670209459844104,0.658819386664286,0.170313885289504,0.53223867375348,0.863440346859149,0.55872399849217,0.145448253705098,0.247731412230155,1.27541666666667
"Initial",0.766667866071077,0.638063367905672,0.741729084760913,0.513344255201991,0.647937231080739,0.802167424530759,0,0,0,0
"SVM refinement",0.716224771813311,0.578551377357097,0.561495739352895,0.0392066040843215,0.535402429764617,0.77028927928349,0.336922141119221,0.154110467282413,0.191100247934026,46.0944166666667
