"comparator","mean_difference","lower_95","upper_95"
"Graph refinement",-0.103722351586555,-0.137575476806089,-0.0628899456498459
"SpaGCN refine",-0.0960101812300064,-0.13043160996054,-0.057043727286279
"GraphST refine",-0.0709820380622422,-0.103380746218021,-0.0434509949059581
"C++ kNN vote",-0.103223313680235,-0.121616030382627,-0.0843680873611904
"Potts-like ICM",-0.103913827933443,-0.124612699465237,-0.0825150718014883
