"method","accuracy","ari","macro_recall","worst_recall","boundary_accuracy","interior_accuracy","correction_recall","damage_rate","seconds"
"SVM refinement",0.968061904761905,0.903572683902203,0.964484523809524,0.950109523809524,0.886981939317312,0.985846227025342,0.930408914399093,0.0161621203744656,2.85477142857143
"Potts-like ICM",0.960091071428571,0.880707640848509,0.959500793650794,0.951680952380952,0.883039992034351,0.976985207590217,0.901348171768708,0.0161635918132435,0.062828571428572
"GraphST refine",0.952269642857143,0.85752459849764,0.951563888888889,0.94479880952381,0.846571097613829,0.975431776916268,0.95238608276644,0.0476947514903397,0.114757142857143
"C++ kNN vote",0.924897619047619,0.787616700031516,0.924078571428571,0.917552380952381,0.835905754176413,0.944394974386727,0.909473242630386,0.0668820188196736,0.0603857142857154
"Graph refinement",0.8766625,0.68542146101405,0.874859126984127,0.867710714285714,0.845073348640556,0.883576249621966,0.633083815192744,0.00185301120448179,0.0644928571428568
"SpaGCN refine",0.845816666666667,0.610972335131639,0.845113492063492,0.840433333333333,0.822556653367329,0.850900394884466,0.538891652494331,0.0170763918185358,0.0250428571428568
"Initial",0.76,0.429254056456991,0.76,0.76,0.760613176932173,0.759865628019122,0,0,0
