"comparator","mean_difference","lower_95","upper_95"
"Graph refinement",0.0913994047619048,0.0747738095238095,0.108719449404762
"SpaGCN refine",0.122245238095238,0.10474349702381,0.139589702380952
"GraphST refine",0.0157922619047619,0.0123853273809524,0.0192995982142857
"C++ kNN vote",0.0431642857142857,0.035568318452381,0.0512313541666667
"Potts-like ICM",0.00797083333333332,0.00459462797619048,0.0115833630952381
