"method","accuracy","ari","macro_recall","worst_recall","boundary_accuracy","interior_accuracy","correction_recall","damage_rate","seconds"
"marginSVM v1",0.869646372744049,0.80829896086441,0.831794741541896,0.546605360643822,0.724429407298227,0.913065142925823,0.388010177855454,0.0230927971196281,4.189125
"marginSVM v2",0.848943153371269,0.781437613290753,0.798321983608278,0.517586581325812,0.672727120460941,0.901630409380154,0.368622134265447,0.0413517014814625,9.043375
