"variant","difference","lower_95","upper_95"
"No cross-fitting",0.000230555555555551,-0.000283333333333336,0.000738888888888885
"Regular tiles only",0.000686111111111113,0.00021944444444445,0.00113888888888889
"No tile overlap",-0.000947222222222222,-0.001480625,-0.000419444444444441
"No graph fusion",0.00331666666666667,-1.13194444444489e-05,0.00653895833333334
"No TV decoding",0.00783888888888889,0.00393319444444444,0.0117861111111111
"No robust ramp",2.77777777778118e-06,-4.72222222222207e-05,5.55555555555569e-05
