"variant","accuracy","boundary_accuracy","correction_recall","damage_rate","seconds"
"No tile overlap",0.908097222222222,0.667666666666667,0.718644444444444,0.0287518518518519,0.0801500000000002
"Full marginSVM",0.90715,0.666,0.717277777777778,0.0295592592592593,0.106166666666667
"No robust ramp",0.907147222222222,0.665902777777778,0.717266666666667,0.0295592592592593,0.104533333333333
"No cross-fitting",0.906919444444445,0.665027777777778,0.716666666666667,0.029662962962963,0.1047
"Regular tiles only",0.906463888888889,0.664194444444444,0.716122222222222,0.0300888888888889,0.0711833333333333
"No graph fusion",0.903833333333333,0.670583333333333,0.7051,0.0299222222222222,0.10415
"No TV decoding",0.899311111111111,0.624583333333333,0.642244444444444,0.015,0.103483333333333
