"method","accuracy","ari","macro_recall","worst_recall","boundary_accuracy","interior_accuracy","correction_recall","damage_rate","changed_fraction","seconds"
"SVM refinement",0.854678705260074,0.787120760229902,0.817015728855507,0.496792495333987,0.70999821340837,0.897937073910111,0.43377440229373,0.0485154547019135,0.126235772065186,3.77343333333334
"Graph refinement",0.853728605623836,0.786240801188715,0.825347667664887,0.548924130188928,0.710414712582072,0.896578371604914,0.286168554310453,0.0094834657084652,0.0598062447847326,0.707433333333329
"Potts-like ICM",0.851161965858097,0.782133841931481,0.808666879869133,0.482515861096754,0.697127309541888,0.897217158666248,0.40505494442731,0.0380008674057743,0.103994959074608,0.662249999999997
"SpaGCN refine",0.84941083541944,0.779094706545878,0.824896467107056,0.564620909171101,0.7152306936442,0.889529679115224,0.309266417646185,0.0150879996778383,0.0643728057324677,0.252800000000002
"C++ kNN vote",0.848732829240794,0.777388138996229,0.802610440837514,0.46179673776235,0.68582562865693,0.89744084542466,0.544151888214934,0.0701102301339366,0.154347069940698,0.575550000000004
"GraphST refine",0.81169642046321,0.728741530234257,0.691200490637243,0.194624050516099,0.544661813092739,0.891537740741483,0.536790805661218,0.121069603035192,0.204340901575161,1.09286666666667
"Initial",0.810000976657877,0.721101615599887,0.790959653626021,0.552479869921175,0.686888650676672,0.84681062745805,0,0,0,0
