"comparator","mean_difference","lower_95","upper_95"
"Graph refinement",0.000950099636237773,-0.00914454622247582,0.0119031056863763
"SpaGCN refine",0.00526786984063341,-0.00709277007588804,0.0189938774688455
"GraphST refine",0.0429822847968637,0.0319649842449663,0.0533963855948104
"C++ kNN vote",0.00594587601927956,-0.00307935730771406,0.0155095412620818
"Potts-like ICM",0.00351673940197696,-0.00512197728670734,0.0135431691348696
