"method","accuracy","ari","macro_recall","worst_recall","boundary_accuracy","interior_accuracy","correction_recall","damage_rate","seconds"
"marginSVM v1",0.973542852149418,0.956270010700411,0.949887360979575,0.756410256410256,0.885144490598062,0.999973291133324,0.949419142592783,0.018415966444149,5.395
"marginSVM v2",0.964830035827923,0.944000460052904,0.950472295929963,0.871794871794872,0.916767162445844,0.979200470076053,0.864624241801172,0.00176826175756994,9.28
