"method","accuracy","ari","macro_recall","worst_recall","boundary_accuracy","interior_accuracy","correction_recall","damage_rate","seconds","mean_trust","unresolved"
"marginSVM v1",0.867698839833248,0.792305687406684,0.829808410467945,0.587438558408879,0.73826153468221,0.90639961138599,0.385766423357664,0.0232268779124393,4.61,0.5,0
"marginSVM v2",0.871660729614837,0.799670953452551,0.830700498853773,0.616158750497658,0.736106458528742,0.912190427542183,0.339057520304308,0.0127767857634675,7.26325,0.808680807953596,0.0559271567433086
