"method","accuracy","ari","macro_recall","worst_recall","boundary_accuracy","interior_accuracy","correction_recall","damage_rate","seconds"
"marginSVM v1",0.750001285076154,0.592858170501631,0.774760848553258,0.60233918128655,0.759502434231096,0.747160513611506,0,0,3.214
"marginSVM v2",0.702129628201767,0.539402913551788,0.708506576750097,0.39766081871345,0.658560007146367,0.715156614116972,0.157561426955896,0.116348882157005,6.461
