"ece","brier","changed_precision","correction_recall","damage_rate"
0.114747852856066,0.0900054835399754,0.617800694371348,0.232863315972222,0.00189844174621603
