"method","accuracy","ari","boundary_010","smallest_recall","damage_rate","seconds"
"C++ kNN vote",0.8331046875,0.648316649476128,0.642454889328355,0.823237504054381,0.0205264149958229,0.043450892857143
"GraphST refine",0.85360349702381,0.686019301162575,0.678167911219791,0.835008266734721,0.045965295591921,0.0786767857142858
"Initial",0.7875,0.560551141208222,0.64718202791616,0.783683139137524,0,0
"Potts-like ICM",0.8295375,0.644507328333241,0.658934320291597,0.820574749545481,0.0059265350877193,0.0464776785714281
"SpaGCN refine",0.825575074404762,0.634256482959306,0.668737505083515,0.819778890719854,0.005110981267507,0.01753125
"Spatial graph",0.831994047619048,0.649082466002935,0.673225748542261,0.824482587638365,0.00190517761929333,0.0474232142857144
