"expected_calibration_error","brier","changed_precision","correction_recall","damage_rate"
0.11479446975649,0.0900329875465694,0.618221051307517,0.233088988095238,0.00190517761929333
