"method","accuracy","ari","boundary_accuracy","rare_accuracy","damage","corrected","changed","unresolved","seconds"
"marginSVM v1",0.922447916666667,0.794766602647687,0.661680583331307,0.85514854422972,0.0201944444444444,0.750375,0,0,0.0566875000000001
"marginSVM v2",0.900520833333333,0.736126635044016,0.615569140782457,0.827051180814624,0.0180277777777778,0.656166666666667,0.206260416666667,0.0329791666666667,0.13925
"v2 isotropic",0.89975,0.73656405431202,0.614615474680799,0.824747329980083,0.0182361111111111,0.653708333333333,0.206010416666667,0.0335,0.1380625
"v2 no specialists",0.89975,0.74646159805819,0.59743689462521,0.834905088372198,0.0160555555555556,0.647166666666667,0.200791666666667,0.0328125,0.12775
