"method","scenarios","accuracy","ari","macro_recall","worst_recall","sparse_region_accuracy","boundary_accuracy","correction_recall","damage_rate","unresolved_fraction","seconds"
"marginSVM",708,0.842054378531073,0.654204739001231,0.780046524976699,0.59339486854284,0.664385312677872,0.707635828625235,0.476656989834839,0.0363874109769488,0,0.097985875706215
"marginSVM trust field",708,0.816638888888889,0.594100696608762,0.752017352716644,0.553730494989577,0.635036243929608,0.675853813559322,0.375569438728967,0.0368091436478362,0.0494183145009416,0.210269774011299
"Graph refinement",708,0.812027542372881,0.59737187375574,0.765135460087187,0.602563312936832,0.682875157336141,0.64264736346516,0.297244013101131,0.0169359073550732,0,0.0213587570621465
"C++ kNN vote",708,0.810680084745763,0.59680374163419,0.744707343628409,0.563701534437269,0.627591095324365,0.631625,0.381725835447672,0.0464058767857372,0,0.0198799435028248
"SpaGCN refine",708,0.805985169491525,0.580762634700491,0.78211687505713,0.655548173576487,0.740921893370658,0.632830743879473,0.262727366777559,0.0136200814689753,0,0.00874435028248636
"GraphST refine",708,0.802498822975518,0.582967743923511,0.684441343377281,0.421174110560503,0.483208676998318,0.675221751412429,0.551103702441506,0.113688693937036,0,0.0401949152542374
"Potts-like ICM",708,0.801904661016949,0.578674928107345,0.740215182196507,0.56198089445715,0.634202628893105,0.622319444444444,0.285917007943408,0.0264804810564236,0,0.02141384180791
