"comparator","conditions","mean_difference","lower_95","upper_95","wins","ties","losses"
"Graph refinement",236,0.0300268361581921,0.0252163194444445,0.0349207921374765,0.826271186440678,0,0.173728813559322
"SpaGCN refine",236,0.036069209039548,0.0310778719397364,0.0412528248587571,0.800847457627119,0,0.199152542372881
"GraphST refine",236,0.0395555555555556,0.0312173199152542,0.0482051494821092,0.779661016949153,0,0.220338983050847
"C++ kNN vote",236,0.0313742937853107,0.0289196563088512,0.0338818738229755,0.978813559322034,0.00423728813559322,0.0169491525423729
"Potts-like ICM",236,0.0401497175141243,0.0352187441148776,0.0450323505178908,0.898305084745763,0,0.101694915254237
