"method","mean_rank","median_rank","first_fraction"
"marginSVM",1.71398305084746,1,0.563559322033898
"Graph refinement",3.16101694915254,3,0.0593220338983051
"SpaGCN refine",3.55932203389831,4,0.13135593220339
"C++ kNN vote",3.89194915254237,3,0
"GraphST refine",4.08474576271186,5,0.220338983050847
"Potts-like ICM",4.58898305084746,5,0.0254237288135593
