"method","mean_rank","median_rank","first_fraction"
"marginSVM",1.875,2,0.483050847457627
"marginSVM trust field",3.49152542372881,3,0.0932203389830508
"Graph refinement",3.71610169491525,4,0.0550847457627119
"SpaGCN refine",4.22457627118644,4,0.122881355932203
"C++ kNN vote",4.56567796610169,4,0
"GraphST refine",4.76271186440678,6,0.220338983050847
"Potts-like ICM",5.36440677966102,6,0.0254237288135593
