"comparator","conditions","mean_difference","lower_95","upper_95","wins","ties","losses"
"marginSVM trust field",236,0.0254154896421846,0.0211008827683616,0.0299381650188324,0.838983050847458,0,0.161016949152542
"Graph refinement",236,0.0300268361581921,0.0252970456685499,0.0349489347928437,0.826271186440678,0,0.173728813559322
"SpaGCN refine",236,0.036069209039548,0.0308122940207156,0.0412155308380414,0.800847457627119,0,0.199152542372881
"GraphST refine",236,0.0395555555555556,0.031250559086629,0.0479967572975518,0.779661016949153,0,0.220338983050847
"C++ kNN vote",236,0.0313742937853107,0.0288646304143126,0.0338990995762712,0.978813559322034,0.00423728813559322,0.0169491525423729
"Potts-like ICM",236,0.0401497175141243,0.0353802966101695,0.0450996998587571,0.898305084745763,0,0.101694915254237
