"comparator","mean_difference","lower_95","upper_95","wins","ties"
"marginSVM trust field",0.0254154896421845,0.0223923846516008,0.0284991290018832,0.779661016949153,0.00282485875706215
"Graph refinement",0.0300268361581921,0.0271206979755179,0.0329697975517891,0.810734463276836,0.00564971751412429
"SpaGCN refine",0.036069209039548,0.0329745762711864,0.0391342043314501,0.800847457627119,0.00706214689265537
"GraphST refine",0.0395555555555555,0.0339354048964219,0.0453225282485876,0.764124293785311,0.00141242937853107
"C++ kNN vote",0.0313742937853107,0.029709016007533,0.0330365348399247,0.980225988700565,0
"Potts-like ICM",0.0401497175141243,0.0371344868173258,0.0431345103578154,0.896892655367232,0
